<?xml version="1.0" encoding="UTF-8"?>
<metadata xml:lang="es"><Esri><CreaDate>20140311</CreaDate><CreaTime>13154600</CreaTime><ArcGISstyle>ISO 19139 Metadata Implementation Specification</ArcGISstyle><SyncOnce>TRUE</SyncOnce><DataProperties><itemProps><itemLocation><linkage Sync="TRUE">file://\\fileshare\seam\Mapas\Cartografia digitalDGEEC2012_SEAM\py_ciu248_IGM_SEAM</linkage><protocol Sync="TRUE">Local Area Network</protocol></itemLocation></itemProps><copyHistory><copy source="G:\Cartografía PY\Cartografia digitalDGEEC2012_SEAM\py_ciu248_IGM_SEAM" dest="\\fileshare\seam\Mapas\Cartografia digitalDGEEC2012_SEAM\py_ciu248_IGM_SEAM" date="20140311" time="13154600"></copy></copyHistory></DataProperties></Esri></metadata>
